Sloka,Class,EnglishTranslation
यस्मात् त्रस्यन्ति भूतानि मृगव्याधान्मृगा इव।                            सागरान्तामपि महीं लब्ध्वा स परिहीयते ॥                               ,Vidur Niti Slokas,Because the beings are frightened like deer hunterHaving obtained the earth even at the end of the ocean he is lost
एतान्यनिगृहीतानि  व्यापादयितुमप्यलम्।                            अविधेया इवादान्ता हयाः पथि कुसारथिम् ॥    ,Vidur Niti Slokas,It is also possible to torment these others.The horses are not to be found at the end of the scene on the road.
 यावत्स्वस्थो ह्यय देहः तावन्मृत्युश्च दूरतः।                                   तावदात्महितं कुर्यात् प्रणान्ते किं करिष्यति॥,Chanakya Slokas,As long as the body is healthy and death is far away.So then what will he do for his own welfare at the end of his life?
 ईश्वरस्य  स्मरणं प्रभाते उत्थाय अवश्यं  कर्तंव्यम् ॥  ,sanskrit-slogan,"Remembering the Lord in the morning, one must rise and do it."
 लोकयात्रा भयं लज्जा दाक्षिण्यं त्यागशीलता।                                   पञ्च यत्र न विद्यन्ते न कुर्यात्तत्र संगतिम् ॥,Chanakya Slokas,"The journey of the world, fear, shame, generosity, renunciation.Where there are no five, one should not associate with them."
 सा भार्या या सुचिदक्षा सा भार्या या पतिव्रता।                                  सा भार्या या पतिप्रीता सा भार्या सत्यवादिनी ॥,Chanakya Slokas,The wife who is well-eyes is the wife who is faithful to her husband.The wife who is pleased with her husband is the wife who speaks the truth
सहायबन्धना ह्यर्थाः सहायाश्चर्थबन्धनाः।                            अन्योऽन्यबन्धनावेतौ विनान्योऽन्यं न सिध्यतः॥    ,Vidur Niti Slokas,"They are bonds of help and help and are bonds of meaning.Without these two bonds of others, no one else will be accomplished."
  एकेनापि सुवर्ण पुष्पितेन सुगन्धिता।                                    वसितं तद्वनं सर्वं सुपुत्रेण कुलं यथा॥,Chanakya Slokas,It was fragrant with a single golden flowerThe whole forest lived in that forest like a family of a good son
 उपदेशो हि मूर्खणां प्रकोपाय न शान्तये ॥  ,sanskrit-slogan,The instruction of a fool is not for the sake of anger and not for peace.
मित्रं भुड्क्ते संविभज्याश्रितेभ्यो मितं स्वपित्यमितं  कर्म कृत्वा ।                            ददात्यमित्रेष्वपि याचितः संस्तमात्मवन्तं प्रजहत्यनर्थाः ॥                               ,Vidur Niti Slokas,"He eats a friend and divides himself into the body, and he does not perform his duties as he sleeps.He gives it to his friends and asks for the self-realized and abandons the self-realized."
 आत्मायत्तौ वृद्धिविनाशौ ॥   ,sanskrit-slogan,The two self-controls are increased and destroyed.
  विद्यार्थी सेवकः पान्थः क्षुधार्तो भयकातरः।                                    भाण्डारी च प्रतिहारी सप्तसुप्तान् प्रबोधयेत॥,Chanakya Slokas,"The student, the servant, the path, the hungry, the fearful.The storehouse should awaken the seven sleeping ones."
 सर्वो हि मन्यते लोक आत्मानं निरूपद्रवम् ॥  ,sanskrit-slogan,Everyone thinks that the world is free from all liquids.
  न देवो विद्यते काष्ठे न पाषाणे न मृण्मये।                                     भावे हि विद्यते देवस्तस्माद् भावो हि कारणम्॥,Chanakya Slokas,"There is no god in wood, stone or clay.For in being there is a god; therefore being is the cause."
 अति रूपेण वै सीता चातिगर्वेण रावणः।                                    अतिदानाद् बलिर्बद्धो ह्यति सर्वत्र वर्जयेत्॥,Chanakya Slokas,Sita was very beautiful and Ravana was very proudBali is bound by excessive gifts and should be avoided everywhere.
यदभावि न तदभावी भावि चेन्न तदन्यथा ॥   ,sanskrit-slogan,"If it is not in the future, it is not the future, but it is not otherwise."
 ज्ञात्वापि दोषमेव करोति लोकः ॥  ,sanskrit-slogan,"Even though he knows it, the world does a fault."
 हस्ती त्वंकुशमात्रेण बाजो हस्तेन तापते।                                  शृङ्गीलकुटहस्तेन खड्गहस्तेन दुर्जनः॥,Chanakya Slokas,The elephant burns with the hand of the elephant by the mere cuckoo.The wicked man with his horns in his hand with a sword in his hand
 शान्तितुल्यं तपो नास्ति न सन्तोषात्परं सुखम्।                                    न तृष्णया परो व्याधिर्न च धर्मो दयापरः॥,Chanakya Slokas,"There is no austerity equal to peace, nor happiness greater than satisfaction.There is no disease other than thirst nor righteousness nor is there any other than mercy."
अनुसूयुः कृतप्रज्ञः शोभनान्याचरन्  सदा।                            नकृच्छं महदाप्नोति सर्वत्र च विरोचते ॥                               ,Vidur Niti Slokas,They were always envious of the wise and always practiced beautifully.He does not suffer greatly and is always shining everywhere.
 उद्यमे नावसीदति ॥  ,sanskrit-slogan,It does not despair in the enterprise.
संसारयति  कृत्यानि सर्वत्र विचिकित्सते।                            चिरं करोति क्षिप्रार्थे स मूढो भरतर्षभ ॥                               ,Vidur Niti Slokas,The worldly things are treated everywhere.O best of the Bharatas that foolish man is doing a long time for a long time
हस्तस्य भूषणं दानम् ॥   ,sanskrit-slogan,The ornament of the hand is the gift.
मौनं सर्वार्थसाधनम् ॥   ,sanskrit-slogan,Silence is the means of all purposes.
   त्यज दुर्जनसंसर्गं भज साधुसमागमम् ।                                     कुरु पुण्यमहोरात्रं स्मर नित्यमनित्यतः॥,Chanakya Slokas,Give up the association of the wicked and worship the saintly ones.Do pious day and night remember ever and eternally.
 मृदुर्हि परिभूयते ॥    ,sanskrit-slogan,The soft is humiliated.
अमित्रं कुरुते मित्रं मित्रं द्वेष्टि हिनस्ति च ।                             कर्म चारभते दुष्टं तमाहुर्मूढचेतसम्  ॥                               ,Vidur Niti Slokas,He makes an enemy a friend and hates a friend and kills him.A person who practices evil deeds is called a foolish person.
जन्ममृत्युर्नियत्येको भुनक्तयेकः शुभाशुभम्।                                  नरकेषु पतत्येकः एको याति परां गतिम्॥,Chanakya Slokas,"Birth and death are certain, one is the one who eats, one is good and evil.One falls into hell alone and one attains the supreme destination."
  यद् दूरं यद् दुराराध्यं यच्च दूरे व्यवस्थितम् ।                                    तत्सर्वं तपसा साध्यं तपो हि दुरतिक्रमम् ॥,Chanakya Slokas,"Whatever is far away, whatever is difficult to worship, and whatever is situated far away.All that is achieved by austerities is difficult to transgress."
अर्थेषणा न व्यसनेषु गण्यते ॥   ,sanskrit-slogan,The desire for meaning is not counted in addictions.
 विनयाद् याति पात्रताम् ॥  ,sanskrit-slogan,"By humility, he becomes deserving."
यज्ञो दानमध्ययनं तपश्च चत्वार्येतान्यन्वेतानि सणि।                            दमः सत्यमार्जवमानृशंस्यं चत्वार्येतान्यनुयान्ति सन्तः ॥    ,Vidur Niti Slokas,"Sacrifice, charity, study and austerity are these four.The saintly persons follow the fourfold path of self-control, truthfulness, uprightness and compassion."
 भाग्यं फ़लति सर्वत्र न विद्या न च पौरुषम् ॥  ,sanskrit-slogan,"Fortunateness is everywhere, neither knowledge nor manliness."
वरयेत्कुलजां प्राज्ञो निरूपामपि कन्यकाम्।                                  रूपवतीं न नीचस्य विवाहः सदृशे कुले ॥,Chanakya Slokas,A wise man should choose a daughter born of a familyA beautiful woman is not married to a lowly person in a similar family
 अनुशासनेन एव मनुष्यः महान् भवति ॥  ,sanskrit-slogan,It is by discipline that a man becomes great.
ययोश्चित्तेन वा चित्तं निभृतं निभृतेन वा।                           समेति प्रज्ञया प्रज्ञा तयोमैत्री न जीवर्यति ॥    ,Vidur Niti Slokas,"By the mind of which the mind is calm or by the calm.By intelligence, intelligence, intelligence, and friendship, do not live."
 न नित्यं लभते दुःखं न नित्यं लभते सुखम् ॥  ,sanskrit-slogan,He does not always suffer suffering nor does he always attain happiness.
 अधना धनमिच्छन्ति वाचं चैव चतुष्पदाः।                                    मानवाः स्वर्गमिच्छन्ति मोक्षमिच्छन्ति देवताः॥,Chanakya Slokas,"The poor desire wealth and the four-legged words.Men desire heaven, the gods desire liberation."
 आत्मापराधवृक्षस्य फलान्येतानि देहिनाम् ।                                   दारिद्रयरोग दुःखानि बन्धनव्यसनानि च॥,Chanakya Slokas,"These are the fruits of the embodied tree of the tree of self-officiency.Poverty, diseases, pains, bondage and addiction."
  प्रत्युत्थानं च युद्धं च संविभागश्च बन्धुषु।                                    स्वयमाक्रम्य भोक्तं च शिक्षेच्चत्वारि कुक्कुटात्॥,Chanakya Slokas,Returning and fighting and distribution among relativesHe should invading himself and eat the food from the four chickens.
बुद्धयो भयं प्रणुदति तपसा विन्दते महत्।                            गुरुशुश्रूषया  ज्ञानं शान्तिं योगेन विन्दति ॥                               ,Vidur Niti Slokas,"The intellects are afraid of fear and attains great austerities.By serving the spiritual master, one attains knowledge, peace and yoga."
महते   योऽपकाराय नरस्य प्रभवेत्ररः।                           तेन वैरं समासज्य दूरस्थोऽमीति नाश्चसेत्  ॥    ,Vidur Niti Slokas,"A man who is a great man who is a great man for the sake of harm.Therefore, one should not be able to fight the enemy, saying, “I am in a distance.”"
समवेक्ष्येह धर्माथौं सम्भारान् योऽधिगच्छति।                            स वै सम्भृतसम्भारः सततं सुखमेधते ॥                               ,Vidur Niti Slokas,Translation Error
  गुणो भूषयते रूपं शीलं भूषयते कुलम्।                                    सिद्धिर्भूषयते विद्यां भोगो भूषयते धनम्॥,Chanakya Slokas,"The virtue adorns the form, character, adorns the family.Siddhi adorns knowledge and enjoyment adorns wealth."
 वरं मौनं कार्यं न च वचनमुक्तं यदनृतम्  ॥  ,sanskrit-slogan,It is better to silence nor should it be said that the words are false
 को हि भारः समर्थानां किं दूर व्यवसायिनाम्।                                  को विदेश सुविद्यानां को परः प्रियवादिनम्॥,Chanakya Slokas,Who is the burden of those who are able to do so far awayWho is the foreign to the well-educated and who is the other who speaks pleasantly?
  एकाकिना तपो द्वाभ्यां पठनं गायनं त्रिभिः।                                    चतुर्भिगमन क्षेत्रं पञ्चभिर्बहुभि रणम्॥,Chanakya Slokas,Reading and singing with two one austerities alone.The field of the four visitors is a battlefield by five
ईर्ष्यी घृणी न संतुष्टः क्रोधनो नित्यशङ्कितः।                                              परभाग्योपजीवी च षडेते नित्यदुःखिताः ॥    ,Vidur Niti Slokas,"He is jealous, hatred, not satisfied, and he is always suspicious of anger.These six are ever grieved for the sake of the fortune of others"
सत्यभाषणं पुण्यं वर्तते ॥   ,sanskrit-slogan,The truthful speech is pious.
  दुरनुबध्नं कार्य साधयेत् ॥  ,sanskrit-slogan,One should accomplish the task which is difficult to bind.
पंच त्वाऽनुगमिष्यन्ति यत्र यत्र गमिष्यसि ।                            मित्राण्यमित्रा मध्यस्था उपजीव्योपजीविनः ॥                               ,Vidur Niti Slokas,Five will follow you wherever you go.Friends are friends in the middle and subsistence
 दरिद्रता धीरयता विराजते कुवस्त्रता स्वच्छतया विराजते।                                    कदन्नता चोष्णतया विराजते कुरूपता शीलतया विराजते॥,Chanakya Slokas,Poverty is steadfast and bad clothes shines cleanly.It shines in hotness and shining in the form of morality.
उद्योगसम्पन्नं समुपैति लक्ष्मीः ॥   ,sanskrit-slogan,The goddess of fortune approaches him who is endowed with industry.
यो ध्रुवाणि परित्यज्य ह्यध्रुवं परिसेवते।                                 ध्रुवाणि तस्य नश्यन्ति चाध्रुवं नष्टमेव तत् ॥,Chanakya Slokas,He who abandons the poles and serves the impermanent.The poles of the universe are destroyed and the impermanent is destroyed.
आक्रु श्मानो नाक्रोशेन्मन्युरेव तितिक्षतः।                             आक्रोष्टारं निर्दहति सुकृतं चास्य विन्दति॥                               ,Vidur Niti Slokas,Akru shman nakroshenmanyureva tikshato.He burns the screaming and finds his good deeds.
निषेवते प्रशस्तानी निन्दितानी न सेवते ।                            अनास्तिकः श्रद्धान एतत् पण्डितलक्षणम् ॥                               ,Vidur Niti Slokas,She serves her praises and does not serve the blameworthy.This is the characteristic of the learned without faith.
जरा रुपं हरति हि धैर्यमाशा मृत्युः प्राणान्  धर्मचर्यामसूया।                            क्रोधः श्रियं शिलमनार्यसेवा हृियं कामः सर्वमेवाभिमानः॥ ,Vidur Niti Slokas,"For old age takes away the form of patience, hope, death, life, righteousness, and envy.Anger, prosperity, rock, ignoble service, the heart, desire, all egoism."
  स्वर्गस्थितानामिह जीवलोके चत्वारि चिह्नानि वसन्ति देहे।                                  दानप्रसङ्गो मधुरा च वाणी देवार्चनं ब्राह्मणतर्पणं च॥,Chanakya Slokas,"There are four signs in the body of the living beings who are in heaven.The occasion of charity and sweet speech, worship of the gods and satisfying the brahmins."
   बहूनां चैव सत्तवानां रिपुञ्जयः ।                                     वर्षान्धाराधरो मेधस्तृणैरपि निवार्यते॥,Chanakya Slokas,He also conquers the enemies of many beings.The sacrifice is prevented by the grass and the grass.
कष्टं च खलु मूर्खत्वं कष्ट च खलु यौवनम्।                                  कष्टात्कष्टतरं चैव परगृहेनिवासनम् ॥,Chanakya Slokas,And it is difficult to be stupid and it is hard to be youth.It is difficult to live in another’s house.
एकमेवाद्वितीयम तद् यद् राजन्नावबुध्यसे।                             सत्यम स्वर्गस्य सोपानम् पारवारस्य नैरिव ॥                               ,Vidur Niti Slokas,"There is only one and the same, O king, that you do not understand.It is true that the stairs of heaven is like a crossing of a paravara."
 सहायः समसुखदुःखः ॥    ,sanskrit-slogan,Help is equal pleasure and pain.
विद्वान् प्रशस्यते लोके विद्वान् सर्वत्र गौरवम्।                                  विद्वया लभते सर्वं विद्या सर्वत्र पूज्यते॥,Chanakya Slokas,A learned man is praised in the world and a learned man is honored everywhere.By knowledge he attains all knowledge and is worshiped everywhere.
  जलबिन्दुनिपातेन क्रमशः पूर्यते घटः।                                     स हेतु सर्वविद्यानां धर्मस्य च धनस्य च॥,Chanakya Slokas,The pot is gradually filled by the drop of water drops.He is the cause of all knowledge and righteousness and wealth
उपसर्गेऽन्यच्रके च दुर्भिक्षे च भयावहे।                                 असाधुजनसम्पर्के पलायति स जीवति॥,Chanakya Slokas,"In the prefix and in another character, in the famine, in fear.He who runs away from the unrighteous people is alive"
 नैव पश्यति जन्मान्धः कामान्धो नैव पश्यति।                                   मदोन्मत्ता न पश्यन्ति अर्थी दोषं न पश्यति॥,Chanakya Slokas,"The blind man who is born blind does not see the blind man of lust.The drunken, the drunken, do not see the evil, but the seeker does not see the fault."
 यस्मिन् देशे न सम्मानो न वृत्तिर्न च बान्धवाः।                        न च विद्यागमोऽप्यस्ति वासस्तत्र न कारयेत् ॥,Chanakya Slokas,"In a country where there is no respect, no profession, no relatives.There is no acquisition of knowledge, and one should not make a dress there."
चिकीर्षितं विप्रकृतं च यस्य नान्ये जनाः कर्म जानन्ति किञ्चित् ।                            मन्त्रे गुप्ते सम्यगनुष्ठिते च नाल्पोऽप्यस्य  च्यवते कश्चिदर्थः ॥                               ,Vidur Niti Slokas,"No one else knows anything else that has been done and distracted.There is no meaning in the mantra, even if the mantra is kept in a secret manner, and when it is properly performed."
 दाने तपसि शौर्ये च विज्ञाने विनये नये ।                                विस्मयो न हि कर्तव्यो बहुरत्ना वसुन्धरा॥,Chanakya Slokas,"In charity, austerity, valour, knowledge, humility and newness.The earth should not be astonished to be abundantly precious"
  प्रस्तावसदृशं वाक्यं प्रभावसदृशं प्रियम् ।                                   आत्मशक्तिसमं कोपं यो जानाति स पण्डितः॥,Chanakya Slokas,A statement like a proposal is dear to the influenceHe who knows anger equal to his own power is a wise man.
 मित्रसंग्रहेण बलं सम्पद्यते ॥    ,sanskrit-slogan,The collection of friends is attained by strength.
न सुखाल्लभ्यते सुखम् ॥    ,sanskrit-slogan,Happiness is not obtained by happiness.
 एतदर्थ कुलीनानां नृपाः कुर्वन्ति संग्रहम्।                                   आदिमध्यावसानेषु न त्यजन्ति च ते नृपम् ॥,Chanakya Slokas,"For this purpose the kings of the nobles collect.They do not abandon the king in the beginning, middle and end of the body."
 वृध्दा न ते ये न वदन्ति धर्मम् ॥  ,sanskrit-slogan,Those who do not speak of religion are not old.
यदतप्तं प्रणमति न तत् सन्तापयन्त्यपि।                            यश्च स्वयं नतं दारुं न तत् सत्रमयन्त्यपि ॥  ,Vidur Niti Slokas,"They do not torment what he is burning even when he is burning.And he who himself bows down to the wood, even if he does not offer it to the satra."
यः कार्यं न पश्यति सोऽन्धः ॥   ,sanskrit-slogan,He who does not see the work is blind.
चत्वारि राज्ञा तु महाबलेना वर्ज्यान्याहु: पण्डितस्तानि विद्यात् ।                            अल्पप्रज्ञै: सह मन्त्रं न कुर्यात दीर्घसुत्रै रभसैश्चारणैश्च ॥                               ,Vidur Niti Slokas,"The king should be avoided by the king with great strength and should be known as the learned.One should not chant the mantra with low intelligence, long sons, rabhasas and rangers."
  सुखस्य मूलं धर्मः ॥  ,sanskrit-slogan,The root of happiness is religion.
अष्टौ गुणाः पुरुषं दीपयन्ति प्रज्ञा च कौल्यं च दमः श्रुतं च।                             पराक्रमश्चाबहुभाषिता च दानं यथाशक्ति कृतज्ञता च ॥                               ,Vidur Niti Slokas,"The eight qualities illuminate a man, wisdom, courage, self-control and hearing.He was prowess and had many words and charity and gratitude as much as he could."
 आलस्योपहता विद्या परहस्तं गतं धनम्।                                   अल्पबीजहतं क्षेत्रं हतं सैन्यमनायकम्॥,Chanakya Slokas,The knowledge of the other is the wealth that has been lost by laziness.The field was killed by little seeds and the army was killed and the hero was killed.
जिता सभा वस्त्रवता मिष्टाशा गोमता जिता।                            अध्वा जितो यानवता सर्वं शीलवता जितम् ॥                               ,Vidur Niti Slokas,"The assembly winners, dressed in clothes, won the sweetness of the cow.He conquered the chariot and conquered everything by his character."
ते पुत्रा ये पितुर्भक्ताः ॥   ,sanskrit-slogan,Those sons who were devoted to their father
 दूरस्थोऽपि न दूरस्थो यो यस्य मनसि स्थितः ।                                   यो यस्य हृदये नास्ति समीपस्थोऽपि दूरतः॥,Chanakya Slokas,"Even if he is far away, he is not far away from anyone whose mind is in his mind.Whoever is not in his heart even in the presence of a nearby"
षडेव तु गुणाः पुंसा न हातव्याः कदाचन।                            सत्यं दानमनालस्यमनसूया क्षमा धृतिः ॥                               ,Vidur Niti Slokas,"The six qualities should never be lost by a man.Truth, charity, laziness, envy, forgiveness, patience."
बलवान हीनेन विग्रहणीयात् ॥  ,sanskrit-slogan,It should be dissolved by a strong deficiency.
सत्येन रक्ष्यते धर्मो विद्या योगेन रक्ष्यते ।                            मृजया रक्ष्यते रुपं कुलं वृत्तेन रक्ष्यते ॥                               ,Vidur Niti Slokas,"Truth protects religion, knowledge is protected by yoga.The form is protected by the widow and the family is protected by the circle."
  अजीर्णे भेषजं वारि जीर्णे तद् बलप्रदम्।                                    भोजने चामृतं वारि भोजनान्तें विषप्रदम्॥,Chanakya Slokas,It is strong in digestion in digestion when indigestion is indigestionIt is poisonous in food and water is poisonous at the end of the food
 सदाचारः सर्वेषां धर्माणां श्रेष्ठः अस्ति ॥  ,sanskrit-slogan,The virtuous conduct is the best of all religions.
विद्वान सर्वत्र पूज्यते ॥   ,sanskrit-slogan,A learned person is worshiped everywhere.
दुःखादुद्विजते जन्तुः सुखं सर्वाय रुच्यते ॥   ,sanskrit-slogan,A living being is afraid of pain and is like a thing that is pleasing to everyone.
प्रसादो निष्फलो यस्य क्रोधश्चापि निरर्थकः।                            न तं भर्तारमिच्छनित षण्ढं पतिमिव स्त्रियः ॥                               ,Vidur Niti Slokas,His grace is fruitless and his anger is useless.Just as a woman does not wish to have a husband for her husband.
समाने शोभते प्रीती राज्ञि सेवा च शोभते।                                  वाणिज्यं व्यवहारेषु स्त्री दिव्या शोभते गृहे ॥,Chanakya Slokas,The lover is equally beautiful and the service of the queen is beautiful.A woman is beautiful in her house in commercial behavior.
हेतुरत्र भविष्यति ॥   ,sanskrit-slogan,The reason will be here.
पर्जन्यनाथाः पशवो राजानो मन्त्रिबान्धवाः ।                            पतयो बान्धवाः स्त्रीणां ब्राह्मणा वेदबान्धवाः ॥                               ,Vidur Niti Slokas,"The lords of the rains were the animals, kings, ministers and relatives.The husbands are relatives of women, and the brāhmaṇas are the relatives of the Vedas."
यस्मै देवाः प्रयच्छन्ति पुरुषाय प्रराभवम्।                            बुद्धिं तस्यापकर्षन्ति सोऽवाचीनानि पश्यति  ॥                               ,Vidur Niti Slokas,To whom the gods give to the man I have been born.They pull his intelligence and he sees the unfavorable things.
दानं होमं दैवतं मङ्गलानि प्रायश्चित्तान् विविधान् लोकवादान् ।                            एतानि यः कुरुत नैत्यकानि तस्योत्थानं देवता राधयन्ति ॥    ,Vidur Niti Slokas,"Charity, sacrifice, deity, auspiciousness, atonement and various kinds of popular arguments.The demigods worship the Lord who performs these rituals daily."
 न विश्वसेत्कुमित्रे च मित्रे चापि न विश्वसेत्।                                    कदाचित्कुपितं मित्रं सर्वं गुह्यं प्रकाशयेत् ॥,Chanakya Slokas,He should not trust a bad friend nor should he trust a friend.Sometimes a angry friend should reveal all the secrets.
 दुःखेनासाद्यते पात्रम् ॥  ,sanskrit-slogan,The vessel is achieved by suffering.
 अलब्धलाभो नालसस्य ॥  ,sanskrit-slogan,The laziness of the laziness is not obtained.
अस्माभिः सदा चरित्रं रक्षणीयम् ॥   ,sanskrit-slogan,We should always protect your character.
परं क्षिपति दोषेण वर्त्तमानः स्वयं तथा ।                            यश्च क्रुध्यत्यनीशानः स च मूढतमो नरः ॥                               ,Vidur Niti Slokas,"He throws it away, and he’s just doing it with a fault.And he who is angry with the Lord is the most foolish."
  उपार्जितानां वित्तानां त्याग एव हि रक्षणम्।                                   तडागोदरसंस्थानां परिदाह इदाम्मससाम्॥,Chanakya Slokas,It is the renunciation of the earned wealth.The ponds and the abdomen of the Idammasas are burnt.
    पुस्तकेषु च या विद्या परहस्तेषु च यद्धनम् ।                                     उत्पन्नेषु च कार्येषु न सा विद्या न तद्धनम् ॥,Chanakya Slokas,The knowledge in the books and the wealth in the hands of others.There is no knowledge in the works that have arisen and that is not wealth.
 अनर्थाः संघचारिणः ॥  ,sanskrit-slogan,They are miserable and confused.
असन्त्यागात्  पापकृतामपापांस्तुल्यो दण्डः स्पृशते मिश्रभावात्।                             शुष्केणार्दंदह्यते मिश्रभावात्तस्मात् पापैः सह सन्धि नकुर्य्यात् ॥                               ,Vidur Niti Slokas,"The punishment of the sin committed by sin by non-renunciation touches the mixture of the mixture.It is burnt with dryness, and therefore one should not make a treaty with the sinful."
" श्रध्दा ज्ञानं ददाति, नम्रता मानं ददाति, योग्यता स्थानं ददाति ॥  ",sanskrit-slogan,"The faithful gives knowledge, humility, honor, and qualifications give a place."
  विज्ञान दीपेन संसार भयं निवर्तते ॥ ,sanskrit-slogan,"By the lamp of knowledge, the fear of the world is relieved."
लोभमूलानि पापानि ॥   ,sanskrit-slogan,They are the roots of greed.
क्षिप्रं विजानाति चिरं शृणोति विज्ञाय चार्थ भते न कामात्।                            नासम्पृष्टो व्युपयुङ्क्ते परार्थे तत् प्रज्ञानं प्रथमं पण्डितस्य ॥                               ,Vidur Niti Slokas,"He quickly knows and hears it for a long time and knows it and does not desire for wealth, not from lust.When a person is not touched by a learned person, he is the first person to understand the purpose of others’ for the sake of others."
इन्द्रियैरिन्द्रियार्थेषु वर्तमानैरनिग्रहैः।                            तैरयं ताप्यते लोको नक्षत्राणि ग्रहैरिव ॥ ,Vidur Niti Slokas,"By the senses, the objects of the senses and the uncontrolled.The world is tormented by these, just as the stars are in the planets."
स्वभावो दुरतिक्रमः ॥   ,sanskrit-slogan,Nature is difficult to transgress.
 आचारः कुलमाख्याति देशमाख्याति भाषणम्।                                     सम्भ्रमः स्नेहमाख्याति वपुराख्याति भोजनम् ॥,Chanakya Slokas,"Conduct tells the family, tells the country, speech.Confusion, affection, describes the body, and the food is described."
अप्रयत्नात् कार्यविपत्तिभर्वती ॥   ,sanskrit-slogan,She is not trying to do so without effort.
रूपयौवनसम्पन्ना विशालकुलसम्भवाः।                                  विद्याहीना न शोभन्ते निर्गन्धा इव किंशुकाः ॥,Chanakya Slokas,They were endowed with beauty and youth and were born of large families.Without knowledge they do not look beautiful like fragrances without fragrance
  वृथा वृष्टिः समुद्रेषु वृथा तृप्तेषु भोजनम्।                                     वृथा दानं धनाढ्येषु वृथा दीपो दिवापि च॥,Chanakya Slokas,In vain rain is in the seas and food is in vain.Charity is in vain in wealth and in vain a lamp is in vain
स्त्रीषु राजसु सर्पेषु स्वाध्यायप्रभुशत्रुषु।                            भोगेष्वायुषि विश्चासं कः प्राज्ञः कर्तुर्महति ॥  ,Vidur Niti Slokas,"Among women, kings, snakes, their study of the masters of their own study.Who is wise in the pleasures of life and who is the greatest of the doers?"
 अपरीक्ष्यकारिणं श्रीः परित्यजति ॥  ,sanskrit-slogan,The goddess of fortune gives up the unexamined.
  क्रोधो वैवस्वतो राजा तृष्णा वैतरणी नदी।                                   विद्या कामदुधा धेनुः संतोषो नन्दनं वनम्॥,Chanakya Slokas,"Anger is the king of Vaivasvata, thirst and Vaitarani.Knowledge is the milk of desire and the cow is content and the forest of Nandana."
"मर्माण्यस्थीनि  ह्रदयं तथासून् ,रुक्षा वाचो निर्दहन्तीह पुंसाम्।                            तस्माद् वाचुमुषतीमुग्ररुपां धर्मारामो नित्यशो वर्जयीत॥ ",Vidur Niti Slokas,The hearts of the marrow and the bones of the marrows are burnt by men here.Therefore one should avoid the fierce form of Vachumushati and should avoid the Dharma.
 पृथिव्यां त्रीणी रत्नानि अन्नमापः सुभाषितम् ।                                    मूढैः पाषाणखण्डेषु रत्नसंज्ञा विधीयते ॥,Chanakya Slokas,"There are three gems on earth, food, water, good proverbs.Fools are prescribed in the pieces of stones and are called ratna."
कांश्चिदर्थात्ररः प्राज्ञो लघुमूलान्महाफलान्।                            क्षिप्रमारभते कर्तुं न विघ्नयति तादृशान् ॥                               ,Vidur Niti Slokas,The wise man of some meanings are greatly fruitful from the small roots.He quickly begins to do such things and does not interfere with such things.
रथः शरीरं पुरुषस्य राजत्रात्मा नियन्तेन्द्रियाण्यस्य चाश्चाः।                            तैरप्रमत्तः कुशली सदश्वैर्दान्तैः सुखं याति रथीव धीरः ॥    ,Vidur Niti Slokas,"The chariot is the body of the man, the king is the self, and the senses are the controller of the senses.They are not careless and well with their good horses and with their teeth like a steadfast charioteer"
 अन्तर्गतमलो दुष्टस्तीर्थस्नानशतैरपि।                                   न शुद्धयतियथाभाण्डं सुरया दाहितं च तत्॥,Chanakya Slokas,Inside the impure evil is even hundreds of baths.It does not purify the vessels as a vessel burned by wine
 अभ्यावहति कल्याणं विविधं वाक् सुभाषिता ॥  ,sanskrit-slogan,The good speech of speech is the source of all good fortune.
एको धर्म: परम श्रेय: क्षमैका शान्तिरुक्तमा।                            विद्वैका परमा तृप्तिरहिंसैका सुखावहा ॥                               ,Vidur Niti Slokas,One religion is the supreme good: forgiveness is one peacefulness.Vidvaika is the supreme satisfaction and the one is the one who brings happiness.
पात्रत्वाद् धनमाप्नोति ॥   ,sanskrit-slogan,He gets wealth because he is worthy.
 बहूनामप्यसाराणां समवायो हि दुर्जयः ॥  ,sanskrit-slogan,It is invincible that the combination of many essences is invincible
विद्या परमं बलम ॥  ,sanskrit-slogan,Vidya is the supreme strength.
पन्चाग्न्यो मनुष्येण परिचर्या: प्रयत्नत:।                           पिता माताग्निरात्मा च गुरुश्च भरतर्षभ ॥ ,Vidur Niti Slokas,"The five fires should be attended by a man with great effort.O best of the Bharatas, the father, mother, fire, self and spiritual master"
कुलं शीलेन रक्ष्यते ॥   ,sanskrit-slogan,The family is protected by virtue.
"अतितृष्णा न कर्तव्या, तृष्णां नैव परित्यजेत् ॥   ",sanskrit-slogan,"One should not be excessively thirsty, nor should one give up thirst."
द्वाविमौ पुरुषौ राजन स्वर्गस्योपरि तिष्ठत: ।                             प्रभुश्च क्षमया युक्तो दरिद्रश्च प्रदानवान् ॥  ,Vidur Niti Slokas,"O King, these two men, O King, remain upon the heavenly planets.He was endowed with forgiveness and gave him a poor man"
पण्डितोऽपि वरं शत्रुर्न मूर्खो हितकारकः ॥   ,sanskrit-slogan,Even a learned man is better than an enemy and is not a fool who is beneficial
न वै भित्रा जातु चरन्ति धर्मं न वै सुखं प्राप्नुवन्तीह भित्राः।                              न वै सुखंभित्रा गौरवंप्राप्नुवन्ति न वै भित्राप्रशमंरोचयन्ति ॥                               ,Vidur Niti Slokas,"They never practice righteousness nor do they attain happiness here.They do not attain to dignity, nor do they relief from their fears."
    कामं क्रोधं तथा लोभं स्वाद शृङ्गारकौतुकम्।                                     अतिनिद्राऽतिसेवा च विद्यार्थी ह्याष्ट वर्जयेत्॥,Chanakya Slokas,"Lust, anger, greed, taste, aesthetics and festivities.A student should avoid excessive sleep and excessive service."
  गतं शोको न कर्तव्यं भविष्यं नैव चिन्तयेत्।                                     वर्तमानेन कालेन प्रवर्तन्ते विचक्षणाः॥,Chanakya Slokas,One should not grieve for the past nor think of the future.The wise are engaged in the present time.
 यशोधनानां हि यशो गरीयः ॥  ,sanskrit-slogan,The fame of the Yaśodhanas is the greatest.
  नास्ति मेघसमं तोयं नास्ति चात्मसमं बलम्।                                    नास्ति चक्षुसमं तेजो नास्ति चान्नसमं प्रियम्॥,Chanakya Slokas,"There is no water equal to a cloud and no strength equal to self.There is no effulgence equal to the eye, nor is there any dear equal to food."
  ईप्सितं मनसः सर्वं कस्य सम्पद्यते सुखम्।                                     दैवायत्तं यतः सर्वं तस्मात् सन्तोषमाश्रयेत्॥,Chanakya Slokas,"Whose happiness is attained by all the desired minds?Since everything is given to fate, one should take refuge in satisfaction."
षडिमान् पुरुषो जह्यात् भिन्नं नावमिवार्णवे                            अप्रवक्तारं आचार्यं अनध्यायिनम् ऋत्विजम् ।                            आरक्षितारं राजानं भार्यां चाऽप्रियवादिनीं                            ग्रामकामं च गोपालं वनकामं च नापितम्॥                               ,Vidur Niti Slokas,"A man who is not studied in the ocean is like a boat in a boat, and a priest is not a studied priest.The king was protecting his wife who was unpleasant to the cowherd man and the cowherd man and the cowherd men who had desired the forest"
 उपायपूर्वं न दुष्करं स्यात् ॥ ,sanskrit-slogan,It would not be difficult to do before the means.
वृत्तं यत्नेन संरक्षेद् वित्तमेति च याति च।                            अक्षीणो वित्ततः क्षीणो वृत्ततस्तु हतो हतः ॥                               ,Vidur Niti Slokas,He should preserve the circumstances and go to the wealth.He was not exhausted from wealth and was depleted of his conduct and was killed by his conduct.
 अपुत्रता मनुष्याणां श्रेयसे न कुपुत्रता ॥  ,sanskrit-slogan,"Without sons, human beings are not a bad son."
  धर्मस्य मूलमर्थः ॥   ,sanskrit-slogan,The root of religion is the meaning.
नास्ति बुद्धिमतां शत्रुः ॥  ,sanskrit-slogan,There is no enemy for the wise.
उपायेन हि यच्छक्यं न तच्छक्यं पराक्रमैः ॥   ,sanskrit-slogan,Whatever is impossible by means is not possible by prowess.
 चराति चरतो भगः ॥  ,sanskrit-slogan,Charati Charato Bhaga.
   अहिं नृपं च शार्दूलं वराटं बालकं तथा।                                     परश्वानं च मूर्खं च सप्तसुप्तान् बोधयेत्॥,Chanakya Slokas,"The serpent, the king, the tiger, the boy and the child.One should awaken the other horse and the fool who are seven asleep."
मानेन रक्ष्यते धान्यमश्चान् रक्षत्यनुक्रमः ।                            अभीक्ष्णदर्शनं ग्राश्च स्त्रियो रक्ष्याः कुचैलतः ॥                               ,Vidur Niti Slokas,The sequence protects the grain and the grain.The women should be protected from the breasts of the grave.
  शुनः पुच्छमिव व्यर्थं जीवितं विद्यया विना।                                      न गुह्यगोपने शक्तं न च दंशनिवारणे॥,Chanakya Slokas,"Like a dog's tail, life is useless without knowledge.It is not capable of concealing secrets nor in the prevention of bites"
कोकिलानां स्वरो रूपं नारी रूपं पतिव्रतम्।                                  विद्या रूपं कुरूपाणां क्षमा रूपं तपस्विनाम्॥,Chanakya Slokas,The voice of the cuckoos is the form of a woman and the form of a husband.Knowledge is the form of the ugly form of the form of the ascetics.
वनस्पतेरपक्वानि फलानि प्रचिनोति यः ।                           स नाप्नोति रसं तेभ्यो बीजं चास्य विनश्यति ॥ ,Vidur Niti Slokas,He who chooses the ripe fruits of a plant.He does not obtain the taste of the taste and the seeds of these are destroyed.
 संहतिः कार्यसाधिका ॥  ,sanskrit-slogan,Samhatiḥ karyasadhikā.
निश्चित्वा यः प्रक्रमते नान्तर्वसति कर्मणः ।                            अवन्ध्यकालो वश्यात्मा स वै पण्डित उच्यते ॥                               ,Vidur Niti Slokas,He who decides and proceeds to live inside and does not reside.The self-control is called a learned person who is under the control of the self.
 निर्गुणस्य हतं रूपं दुःशीलस्य हतं कुलम्।                                    असिद्धस्य हता विद्या अभोगस्य हतं धनम्॥,Chanakya Slokas,The form of the devoid of virtue is the destruction of the evil character of the wicked.The knowledge of the incomplete is the loss of enjoyment of non-enjoyment.
न ह्राविज्ञातशीलस्य प्रदातव्यः प्रतिश्रयः  ॥    ,sanskrit-slogan,The reliance on the decline of the unknown should not be given.
एकः सम्पत्रमश्नाति वस्त्रे वासश्च शोभनम् ।                            योऽसंविभज्य भृत्येभ्यः को नृशंसतरस्ततः ॥    ,Vidur Niti Slokas,One eats a mixture of clothing and dress in clothes.Who is more cruel than a man who does not divide his servants?
   चला लक्ष्मीश्चलाः प्राणाश्चले जीवितमन्दिरे।                                      चलाचले च संसारे धर्म एको हि निश्चलः॥,Chanakya Slokas,Chala Lakshmi is moving in the life of the moving life.And in this world of moving and unmoving righteousness alone is motionless
प्रियो भवति दानेन प्रियवादेन चापरः।                            मन्त्रमूलबलेनान्यो  यः प्रियः प्रिय एव सः ॥ ,Vidur Niti Slokas,He is dear to charity and another by pleasant arguments.He who is dear to the root of the mantra is dear to him.
षण्णामात्मनि नित्यानामैश्वर्यं योऽधिगच्छति।                                              न स पापैः कुतोऽनथैर्युज्यते विजितेन्द्रियः ॥    ,Vidur Niti Slokas,He who attains the opulence of the six eternal Self.He is not able to control his senses and has conquered his senses
ते पुत्रा ये पितुर्भक्ताः सः पिता यस्तु पोषकः।                                तन्मित्रं यत्र विश्वासः सा भार्या या निवृतिः ॥,Chanakya Slokas,Those sons who are devoted to the father are the father who is the nourisher.That is the friend where trust is the wife who is withdrawn
यत् सुखं सेवमानोपि धर्मार्थाभ्यां न हीयते।                            कामं तदुपसेवेत न मूढव्रतमाचरेत्। ॥                               ,Vidur Niti Slokas,"That which is not deprived of both dharma and artha, even while serving happiness.One should serve that desire and should not observe a foolish vow.॥"
 विद्या धनेषु उत्तमा वर्त्तते ॥  ,sanskrit-slogan,Knowledge is the best in wealth.
 सत्यमेव जयते ॥  ,sanskrit-slogan,Truth is the victory.
विद्यामदो धनमदस्तृतीयोऽभिजनो  मदः ।                            मदा एतेऽवलिप्तानामेत एव सतां दमाः ॥  ,Vidur Niti Slokas,"The third is the knowledge, the madness, the madness, the madness.These are the self-restraints of the virtuous who are smeared with me."
अभ्यावहति कल्याणं विविधं वाक् सुभाषिता।                             सैव दुर्भाषिता राजनर्थायोपपद्यते ॥    ,Vidur Niti Slokas,A good proverb brings about the various words of goodness.That very thing is difficult to speak for the sake of the king.
सन्तापाद् भ्रश्यते रुपं सन्तापाद् भ्रश्यते बलम्।                            सन्तापाद् भ्रश्यते ज्ञानं सन्तापाद् व्याधिमृच्छति ॥    ,Vidur Niti Slokas,The form is destroyed by the pain and the strength is destroyed by the pain.Knowledge is destroyed by grief and by suffering one suffers from disease.
उपायं चिन्तयेत्प्राज्ञस्तथा पायं च चिन्तयेत् ॥   ,sanskrit-slogan,A wise person should think of a remedy and should think of drinking it.
यादृशैः सत्रिविशते यादृशांश्चोपसेवते।                            यादृगिच्छेच्च भवितुं तादृग् भवति पूरुषः  ॥                               ,Vidur Niti Slokas,Whatever he enters into the satri and whatever he serves.The person who wants to become a person is such a person.
 ये शोकमनुवर्त्तन्ते  न तेषां विद्यते सुखम् ॥  ,sanskrit-slogan,Those who follow sorrow do not have happiness.
दश धर्मं न जानन्ति धृतराष्ट्र निबोध तान्।                              मत्तः प्रमत्तः उन्मत्तः श्रान्तः क्रुद्धो बुभुक्षितः ॥                              त्वरमाणश्च लुब्धश्च भीतः कामी च ते दश।                              तस्मादेतेषु सर्वेषु न प्रसज्जेत पण्डितः  ॥    ,Vidur Niti Slokas,"Ten Dharma do not know, O Dhritarashtra, listen to them.He was drunk, mad, mad, tired, angry and hungry.They are ten in hurry, greedy, frightened and lustful.Therefore a learned person should not be attached to all these things."
न योऽभ्यसुयत्यनुकम्पते च न दुर्बलः प्रातिभाव्यं करोति ।                            नात्याह किञ्चित् क्षमते विवादं सर्वत्र तादृग् लभते प्रशांसाम्  ॥                               ,Vidur Niti Slokas,"He who is not absorbed and compassionate does not become a weak person.Nothing is exceedingly able to arguice, and everywhere he obtains such adoptions."
आलस्यं मदमोहौ  चापलं गोष्टिरेव च।                            स्तब्धता चाभिमानित्वं तथा त्यागित्वमेव च।                            एते वै सप्त दोषाः स्युः सदा विद्यार्थिनां मताः ॥ ,Vidur Niti Slokas,"Laziness, drunkenness and delusion are agile and goshti.Study and self-control and renunciation.These seven evils are always considered to be the students of the students."
अप्युन्मत्तात् प्रलपतो बालाच्च परिजल्पतः।                            सर्वतः सारमादद्यात् अश्मभ्य इव काञ्जनम् ॥ ,Vidur Niti Slokas,They were talking about insane and talking to the child.The essence of the stone should be given to the stones from all sides.
येऽर्थाः  स्त्रीषु समायुक्ताः प्रमत्तपतितेषु च।                            ये चानार्ये समासक्ताः सर्वे ते संशयं गताः ॥                               ,Vidur Niti Slokas,The meanings of the women are combined with the madmen who have fallen.All those who were attached to ignoble and ignorant were in doubt.
 बलवन्तं रिपु दृष्ट् वा न वामान प्रकोपयेत् ॥  ,sanskrit-slogan,"Seeing a strong enemy, one should not be angry with the left."
 त्यजेदेकं कुलस्यार्थे ग्रामस्यार्थे कुलं त्यजेत्।                                  ग्रामं जनपदस्यार्थे आत्मार्थे पृथिवीं त्यजेत्॥,Chanakya Slokas,Leave one for the sake of the family and for the sake of the village.For the sake of the country for the sake of the country one should give up the earth for the sake of oneself
 यस्य स्नेहो भयं तस्य स्नेहो दुःखस्य भाजनम्।                                    स्नेहमूलानि दुःखानि तानि त्यक्तवा वसेत्सुखम्॥,Chanakya Slokas,The affection of one who is affectionate is the vessel of suffering.One should give up the roots of affection for the roots of affection and live happily
 अग्निदाहादपि  विशिष्टं वाक्पारुष्यम् ॥     ,sanskrit-slogan,It is also distinct from the burning of fire and is harsh in speech.
  नास्ति कामसमो व्याधिर्नास्ति मोहसमो रिपुः।                                  नास्ति कोप समो वह्नि र्नास्ति ज्ञानात्परं सुखम्॥,Chanakya Slokas,There is no disease equal to lust and no enemy equal to delusion.There is no anger equal to fire; there is no happiness greater than knowledge.
  पूर्वं निश्चित्य पश्चात् कार्यभारभेत् ॥   ,sanskrit-slogan,"After deciding in the past, one should be burdened with the weight of the work."
श्रोतव्यं खलु वृध्दानामिति शास्त्रनिदर्शनम् ॥   ,sanskrit-slogan,The scriptures show the scriptures that the elderly persons should hear.
विद्वानेव विजानाति विद्वज्जन परिश्रमम् ॥   ,sanskrit-slogan,A learned person understands the efforts of the learned.
सत्यमेव जयते न अनृतम् ॥   ,sanskrit-slogan,Truth alone triumphs and not lies.
 एकेनापि सुपुत्रेण विद्यायुक्ते च साधुना।                                  आह्लादितं कुलं सर्वं यथा चन्द्रेण शर्वरी॥,Chanakya Slokas,By a single good son and a saint endowed with knowledgeThe whole family was delighted like the night with the moon
 कृते प्रतिकृतिं कुर्यात् हिंसेन प्रतिहिंसनम् ।                                    तत्र दोषो न पतति दुष्टे दौष्ट्यं समाचरेत्॥,Chanakya Slokas,One should repay the replica in the case of violence.There is no fault in the evil one should commit evil deeds
दैवेन देयमिति कापुरुषा वदन्ति ॥   ,sanskrit-slogan,The Kapurushas say that it is to be given by fate.
समैर्विवाहः कुरुते न हीनैः समैः सख्यं व्यवहारं कथां च ।                            गुणैर्विशिष्टांश्च पुरो दधाति विपश्चितस्तस्य नयाः सुनीताः॥  ,Vidur Niti Slokas,"He does not marry the same by those who are devoid of friendship, behavior and story.The wise men of his news puts the city with his virtues and distinguished the city"
धनधान्य प्रयोगेषु विद्या सङ्ग्रहेषु च।                                आहारे व्यवहारे च त्यक्तलज्जः सुखी भवेत्॥,Chanakya Slokas,In the experiments of wealth and grain and in the collections of knowledge.He who has given up shame in food and behavior will be happy.
जरा रुपं हरति धैर्यमाशा मृत्युः प्राणान् धर्मचर्यामसूया।                             कामो ह्रियं वृत्तमनार्यसेवा क्रोधः श्रियं सर्वमेवाभिमानः ॥                               ,Vidur Niti Slokas,"Old age takes away patience, hope, death, life, righteousness, and envy.Lust is ablution, circumstances, ignorant service, anger, opulence and all pride."
गतिरात्मवतां सन्तः सन्त एव सतां गतिः।                            असतां च गतिः सन्तो न त्वसन्तः सतां गतिः ॥                               ,Vidur Niti Slokas,The path of the self-willed is the saint and the path of the virtuous.The path of the unrighteous is not the path of the saints and the path of the virtuous is not the same.
नास्ति भीरोः कार्यचिन्ता  ॥   ,sanskrit-slogan,There is no worry about the work of the timid.
द्वाविमौ कण्टकौ तीक्ष्णौ शरीरपरिशोषिणौ।                             यश्चाधनः कामयते यश्च कुप्यत्यनीश्चरः ॥    ,Vidur Niti Slokas,These two thorns are sharp and absorbed in the body.He who desires the wealth and who is angry with him
 तावन्मौनेन नीयन्ते कोकिलश्चैव वासराः ।                                  यावत्सर्वं जनानन्ददायिनी वाङ्न प्रवर्तते॥,Chanakya Slokas,"Meanwhile, the cuckoos are carried away by silence.Until all the words of the joy of the people are not engaged."
श्रुतं प्रज्ञानुगं यस्य प्रज्ञा चैव श्रुतानुगा।                           असम्भित्रायेमर्यादः पण्डिताख्यां लभेत सः ॥ ,Vidur Niti Slokas,"He whose wisdom is heard, and whose wisdom is heard.A person who is not able to save himself will attain to the name of a learned man."
शीलं प्रधानं पुरुषे तद् यस्येह प्रणश्यति।                            न तस्य जीवितेनार्थो न धनेन न बन्धुभिः ॥                               ,Vidur Niti Slokas,"Character is the principal in the man, and that which is destroyed here.He has no need of his life, no wealth, no relatives."
  परोक्षे कार्यहन्तारं प्रत्यक्षे प्रियवादिनम्।                                    वर्जयेत्तादृशं मित्रं विषकुम्भं पयोमुखम् ॥,Chanakya Slokas,"He kills the work in the indirect and is directly pleasant to speak.One should avoid such a friend, a poisonous pot, a milk-eater."
जननी जन्मभूमुश्च स्वर्गादपि गरीयसी ॥   ,sanskrit-slogan,Mother and birthplace are greater than heaven.
सोऽस्य दोषो न मन्तव्यः क्षमा हि परमं बलम्।                             क्षमा गुणों ह्यशक्तानां  शक्तानां  भूषणं क्षमा ॥                               ,Vidur Niti Slokas,"That is the fault of this, for forgiveness is the supreme strength.Forgiveness is the virtues of those who are incapable and forgiveness is the ornament of the powers."
य ईर्षुः परवित्तेषु रुपे वीर्ये कुलान्वये ।                            सुखसौभाग्यसत्कारे तस्य व्याधिरनन्तकः  ॥    ,Vidur Niti Slokas,"He who is jealous of the wealth of others’ wealth, in the form of semen, in the family.The disease of happiness, fortune and hospitality is infinite."
  दानेन पाणिर्न तु कङ्कणेन स्नानेन शुद्धिर्न तु चन्दनेन ।                                    मानेन तृप्तिर्न तु भोजनेन ज्ञानेन मुक्तिर्न तु मण्डनेन॥,Chanakya Slokas,"The hand by giving, not the bracelet, the bathing, the purity, not the sandalwood.Satisfaction with respect, not by food, by knowledge, liberation, not by adornment."
यो नोद्धतं कुरुते जातु वेषं न पौरुषेणापि विकत्थतेऽन्त्यान्।                            न मूर्च्छितः कटुकान्याह किञ्चित् प्रियंसदा तं कुरुते जनो हि ॥                               ,Vidur Niti Slokas,"He who does not make the dressed in a dress, nor does he disguise the ends even by manliness.When a person is always stunned, he does not faint, for he is always pleasing to him."
लालयेत् पंचवर्षाणि दशवर्षाणि ताडयेत्।                                  प्राप्ते तु षोडशे वर्षे पुत्रं मित्रवदाचरेत्॥,Chanakya Slokas,He should nurture for five years and beat him for ten years.At the age of sixteen years he should act like a friend
 माता यस्य गृहे नास्ति भार्या चाप्रियवादिनी।                            अरण्यं तेन गन्तव्यं यथारण्यं तथा गृहम् ॥,Chanakya Slokas,"A mother who has no mother in the house and a wife who speaks unpleasantly.He should go to the forest, just as a forest should be visited."
तादृशी जायते बुद्धिर्व्यवसायोऽपि तादृशः।                                  सहायास्तादृशा एव यादृशी भवितव्यता॥,Chanakya Slokas,Such intelligence is born and such is such a business.The same is true of the same as the same as that of the Lord.
कुतो विद्यार्थिनः सुखम् ॥   ,sanskrit-slogan,Where is the happiness of the student?
सन्तोषामृततृप्तानां यत्सुखं शान्तिरेव च।                                न च तद्धनलुब्धानामितश्चेतश्च धावाताम्॥,Chanakya Slokas,The happiness and peace of those who are satisfied with the nectar of satisfaction.Nor should they run from here to those who are greedy for wealth.
स्वजनं तर्पयित्वा यः शेषभोजी सोऽमृतभोजी ॥   ,sanskrit-slogan,A person who eats the rest of his relatives and eats nectar
यस्य कृत्यं न विघ्नन्ति शीतमुष्णं भयं रतिः ।                            समृद्धिरसमृद्धिर्वा स वै पण्डित उच्यते ॥                               ,Vidur Niti Slokas,"A person who does not interfere with cold, hotness, fear and passion.He is called a learned person or a person who is not rich or not."
  गुणैरुत्तमतां यान्ति नोच्चैरासनसंस्थितैः ।                                   प्रसादशिखरस्थोऽपि किं काको गरुडायते ॥,Chanakya Slokas,"They attain the highest state of the modes of nature, not by those who sit in a loud seat.Why does a crow, even on the peak of grace, do the crow?"
 रङ्कं करोति राजानं राजानं रङ्कमेव च।                                  धनिनं निर्धनं चैव निर्धनं धनिनं विधिः॥,Chanakya Slokas,"The king makes the king the king and the rankThe rich, the poor, the poor, the rich, the law."
 उपायेन हि यच्छक्यं तन्न शक्यं पराक्रमैः ॥  ,sanskrit-slogan,Whatever is possible by means of means is not possible for prowess
 सत्येन धार्यते पृथ्वी सत्येन तपते रविः।                                  सत्येन वाति वायुश्च सर्वं सत्ये प्रतिष्ठितम्॥,Chanakya Slokas,The earth is sustained by truth and the sun is burning with truth.By truth the wind blows everything and everything is established in truth
नैनं छन्दांसि वृजनात् तारयन्ति मायाविंन मायया वर्तमानम्।                            नीडं शकुन्ता इव जातपक्षाश्छन्दांस्येनं प्रजहत्यन्तकाले ॥                               ,Vidur Niti Slokas,"They do not save this chants from the magic, which is not present by illusion.At the end of the day, the wings of the wings of the wings of the birds, the wings of the wings, gave up the nest."
  नान्नोदकसमं दानं न तिथिर्द्वादशी समा ।                                 न गायत्र्याः परो मन्त्रो न मातुर्दैवतं परम् ॥,Chanakya Slokas,"There is no gift equal to food and water, no date equal to the twelfth day.There is no mantra greater than the Gāyatrī, nor is there any greater deity than the mother."
नास्त्यप्राप्यं सत्यवताम् ॥   ,sanskrit-slogan,There is nothing to be found for the truthful.
बलवन्तो हि अनियमाः नियमा दुर्बलीयसाम् ॥   ,sanskrit-slogan,They are strong and irregularly regulated with the weak.
 कार्यार्थिनामुपाय एव सहायः ॥  ,sanskrit-slogan,The means of doing the work is the only way to help.
चत्वारि ते तात गृहे वसन्तु श्रियाभिजुष्टस्य  गृहस्थधर्मे ।                            वृद्धो ज्ञातिरवसत्रः कुलीनः सखा दरिद्रो भगिनी चानपत्या ॥                               ,Vidur Niti Slokas,"My dear father, may you live in the house of a householder who is endowed with opulence.He was old, relatives, nobody, noble, friend, sister, sister, and unmarried."
द्वविमौ ग्रसते भूमिः सर्पो बिलशयानिवं।                            राजानं चाविरोद्धारं ब्राह्मणं चाप्रवासिनम् ॥ ,Vidur Niti Slokas,"These two swallow the earth, the snake, like the beds of the cave.The king and the brahmins were contradictory"
 काष्ठपाषाण धातुनां कृत्वा भावेन सेवनम्।                                   श्रद्धया च तथा सिद्धिस्तस्य विष्णोः प्रसादतः॥,Chanakya Slokas,Consumption with the sense of wood and stone metals.By faith and by the grace of Visnu his perfection.
  दर्शनध्यानसंस्पर्शैर्मत्स्यी कूर्मी च पक्षिणि।                                    शिशु पालयते नित्यं तथा सज्जनसंगतिः॥,Chanakya Slokas,"The fish is a fish in the birds with sight, meditation and touch.The child's association with the virtuous always takes care of the child"
लुब्धमर्थेन गृह्णीयात्स्तब्धमञ्जलिकर्मणा।                                   मूर्खश्छन्दानुरोधेन यथार्थवादेन पण्डितम्॥,Chanakya Slokas,He should take the greedy meaning by the action of stupidity.A fool is a wise man by the request of the chanda and by the real argument.
पंचेन्द्रियस्य मर्त्यस्य छिद्रं चेदेकमिन्द्रियम् ।                            ततोऽस्य स्त्रवति प्रज्ञा दृतेः पात्रादिवोदकम् ॥    ,Vidur Niti Slokas,"If there is a hole in the five senses, the same sense is the same.Then the intelligence of the Lord is discharged from the water from the water from the vessel."
  कस्य दोषः कुले नास्ति व्याधिना को न पीडितः।                                   व्यसनं केन न प्राप्तं कस्य सौख्यं निरन्तरम् ॥,Chanakya Slokas,Who has no fault in the family and who is not afflicted with diseaseWho has not attained adversity and whose happiness is continuous?
  कामधेनुगुणा विद्या ह्ययकाले फलदायिनी।                                   प्रवासे मातृसदृशा विद्या गुप्तं धनं स्मृतम्॥,Chanakya Slokas,Knowledge is the quality of desire and gives fruit in the time of the time.Knowledge like a mother in exile is said to be secret wealth.
   बन्धन्य विषयासङ्गः मुक्त्यै निर्विषयं मनः।                                     मन एव मनुष्याणां कारणं बन्धमोक्षयोः॥,Chanakya Slokas,"The mind is devoid of objects for liberation, attachment to objects.The mind itself is the cause of bondage and liberation for men."
   जीवन्तं मृतवन्मन्ये देहिनं धर्मवर्जितम्।                                     मृतो धर्मेण संयुक्तो दीर्घजीवी न संशयः॥,Chanakya Slokas,I think that the embodied is alive as a dead man is devoid of righteousness.He died with righteousness and was undoubtedly a long life.
 मनः शीघ्रतरं बातात् ॥  ,sanskrit-slogan,The mind is faster than the bat.
शब्दमात्रात् न भीतव्यम् ॥   ,sanskrit-slogan,It should not be afraid of the sound alone.
 शत्रवोऽपि हितायैव विवदन्तः परस्परम् ॥  ,sanskrit-slogan,Even the enemies were disputing with each other for the sake of their welfare
छात्रैः परिश्रमेण पठितव्यम् ॥   ,sanskrit-slogan,Students should read with hard work.
प्राप्नोति वै वित्तमसद्बलेन नित्योत्त्थानात् प्रज्ञया पौरुषेण।                            न त्वेव सम्यग् लभते प्रशंसां न वृत्तमाप्नोति महाकुलानाम् ॥                               ,Vidur Niti Slokas,"He obtains wealth by the strength of goodness, by eternal rise, wisdom and manhood.He does not get perfectly appreciated by the great families of great families."
 मनसा चिन्तितं कार्यं वाचा नैव प्रकाशयेत्।                                    मन्त्रेण रक्षयेद् गूढं कार्य चापि नियोजयेत् ॥,Chanakya Slokas,The work thought of the mind should not be revealed by words.With the mantra one should protect the mystery and the task should also be employed.
आक्रोशपरिवादाभ्यां विहिंसन्त्यबुधा बुधान्।                            वक्ता पापमुपादत्ते क्षममाणो विमुच्यते ॥                               ,Vidur Niti Slokas,"The ignorant, the wise, violate the wise in anger.A speaker includes sin and is freed from the forgiveness."
गतानुगतिको लोकः न लोक़ः पारमार्थिकः ॥   ,sanskrit-slogan,The world of the past is not the transcendental world.
  मातृवत् परदारेषु परद्रव्याणि लोष्ठवत्।                                    आत्मवत् सर्वभूतानि यः पश्यति सः पण्डितः॥,Chanakya Slokas,Like a mother in other wives and other things like a lip.He who sees all beings as the Self is a wise man.
  असमाहितस्य वृतिनर विद्यते ॥  ,sanskrit-slogan,There is a man who has no concentration.
नव्यसनपरस्य कार्यावाप्तिः ॥    ,sanskrit-slogan,The attainment of the work of the newly addicted.
अस्तयभाषणं पापं वर्तते ॥   ,sanskrit-slogan,Speaking of the situation is a sin.
 प्रियवाक्यप्रदानेन सर्वे तुष्यन्ति मानवाः ।                                 तस्मात् तदेव वक्तव्यं वचने का दरिद्रता ॥,Chanakya Slokas,"All human beings are pleased with the giving of pleasant wordsTherefore, what is the poverty in words?"
 पितरि प्रीतिमापन्ने प्रीयन्ते सर्वदेवताः ॥  ,sanskrit-slogan,All the demigods are pleased when they are pleased with their father.
अनिर्वेदः श्रियो मूलं लाभस्य च शुभस्य च।                            महान्  भवत्यनिर्विण्णः सुखं चानन्त्यमश्नुते ॥                               ,Vidur Niti Slokas,"Anirveda is the root of prosperity, profit and good.He becomes great and undisturbed and enjoys infinite happiness."
अकार्यकरणाद् भीतः कार्याणान्च विवर्जनात् ।                            अकाले मन्त्रभेदाच्च येन माद्देन्न तत् पिबेत् ॥    ,Vidur Niti Slokas,He is afraid of doing what he does not workOne should not give food to the one who gives me the difference of mantras prematurely.
 मूर्खाः यत्र न पूज्यन्ते धान्यं यत्र सुसंचितम् ।                                   दाम्पत्योः कलहो नास्ति तत्र श्री स्वयमागता॥,Chanakya Slokas,"Where fools are not worshipped, grain is well accumulated.There is no quarrel between the couple and the prosperity itself has come."
  यस्य चित्तं द्रवीभूतं कृपया सर्वजन्तुषु ।                                      तस्य ज्ञानेन मोक्षेण किं जटा भसमलेपनैः॥,Chanakya Slokas,"His mind is liquid, by His mercy, in all living beings.What is the use of his knowledge and liberation?"
कुराजराज्येन कृतः प्रजासुखं कुमित्रमित्रेण कुतोऽभिनिवृत्तिः।                                   कुदारदारैश्च कुतो गृहे रतिः कृशिष्यमध्यापयतः कुतो यशः॥,Chanakya Slokas,Where is the happiness of a bad friend and a friend who has been made by a bad kingdom?Where is the attraction in the house of the victims of the victims and where is the reputation of the lean person?
 न संसार भयं ज्ञानवताम् ॥   ,sanskrit-slogan,There is no fear of the world for the wise.
किं किं न साधयति कल्पलतेव विद्या ॥   ,sanskrit-slogan,"What doesn’t it achieve, just as knowledge does it go to the creeper of a Kalpa?"
 सुखार्थिनः कुतो विद्या नास्ति विद्यार्थिनः सुखम्।                             सुखार्थी वा त्यजेत् विद्यां विद्यार्थी वा त्यजेत् सुखम्॥    ,Vidur Niti Slokas,"Where is knowledge for those seeking happiness, there is no happiness for the seeker of knowledge?One who seeks happiness should abandon knowledge or one who seeks knowledge should abandon happiness."
गुरुरग्निर्द्विजातीनां वर्णानां ब्राह्मणो गुरुः।                                  पतिरेव गुरुः स्त्रीणां सर्वस्याभ्यगतो गुरुः॥,Chanakya Slokas,"The teacher is the fire of the twice-born, and the Brahmin is the teacher of the castes.The husband alone is the preceptor of all women and the preceptor has come to him."
   न निर्मिता केन न दृष्टपूर्वा न श्रूयते हेममयी कुरङ्गी ।                                     तथाऽपि तृष्णा रघुनन्दनस्य विनाशकाले विपरीतबुद्धिः॥,Chanakya Slokas,"Who has not created it and who has never seen it before, and it is not heard of a golden crown.Even so, at the time of destruction of the delight of the Raghus the thirst for Raghu"
यस्य बुद्धिर्बलं तस्य निर्बुद्धेस्तु कुतो बलम्  ॥   ,sanskrit-slogan,Where is the strength of one who has the strength of his intelligence?
  राजा राष्ट्रकृतं पापं राज्ञः पापं पुरोहितः।                                  भर्ता च स्त्रीकृतं पापं शिष्य पाप गुरुस्तथा॥,Chanakya Slokas,The king is the sin committed by the nation and the priest is the sin of the king.A husband who committed a woman by a woman is a disciple and a sinner is a sinner.
आत्मज्ञानं समारम्भः तितिक्षा धर्मनित्यता ।                            यमर्थान्नापकर्षन्ति स वै पण्डित उच्यते ॥ ,Vidur Niti Slokas,"Self-knowledge is the beginning of patience, patience and religion.A person who does not pull away from the material world is called a learned man."
 सर्वे चण्डस्य विभ्यति ॥   ,sanskrit-slogan,All of them are afraid of the fierce one.
आर्यकर्मणि रज्यन्ते भूतिकर्माणि कुर्वते।                            हितं च नाभ्यसूयन्ति पण्डिता भरतर्षभ ॥                               ,Vidur Niti Slokas,"They rejoice in the noble deeds and perform the rituals of prosperity.O best of the Bharatas, learned men do not envy for their welfare."
न हृष्यत्यात्मसम्माने नावमानेन  तप्यते।                              गाङ्गो ह्रद ईवाक्षोभ्यो यः स पण्डित उच्यते ॥                               ,Vidur Niti Slokas,"He does not rejoice in self-respect nor tormented by insult.The Ganges, which is like a lake, is called a learned man."
बह्वाश्र्चर्या हि मेदनी ॥   ,sanskrit-slogan,There are many hymns of the earth.
  तावद् भयेषु भेतव्यं यावद्भयमनागतम्।                                    आगतं तु भयं दृष्टवा प्रहर्तव्यमशङ्कया॥,Chanakya Slokas,"Fear in fears until fear has come.Seeing the fear that had come, he should be stricken with fear."
 दुर्जनेषु च सर्पेषु वरं सर्पो न दुर्जनः।                                  सर्पो दंशति कालेन दुर्जनस्तु पदे-पदे ॥,Chanakya Slokas,"And among the wicked snakes the snake is not evil.A snake bites a snake in time, but a wicked man is at every step."
नाक्रोशी स्यात्रावमानी परस्य मित्रद्रोही नोत निचोपसेवी।                           न चाभिमानी न च हीनवृत्तों रुक्षां वाचं रुषतीं वर्जयीत॥                               ,Vidur Niti Slokas,"Nakroshi would be a Ravamani, a betrayer of friends, not a chope-server.He should not be proud, nor deficient in his conduct, nor should he avoid harsh words, anger."
स्वमर्थं यः परित्यज्य परार्थमनुतिष्ठति।                          मिथ्या चरति मित्रार्थे यश्च मूढः स उच्यते ॥    ,Vidur Niti Slokas,He who abandons his own interest and abides for the sake of others.He who walks falsely for the sake of his friend is called a fool
रोहते सायकैर्विद्धं वनं परशुना हतम्।                            वाचा दुरुक्तं बीभत्सं न संरोहति वाक्क्षतम्  ॥    ,Vidur Niti Slokas,The forest shot by the arrows grows and killed by an axe.A terrible thing that is difficult to speak does not grow up in speech.
 लालनाद् बहवो दोषास्ताडनाद् बहवो गुणाः।                                   तस्मात्पुत्रं च शिष्यं च ताडयेन्न तु लालयेत् ॥,Chanakya Slokas,"There are many faults from nurturing many virtuesTherefore one should beat his son and disciple, but should not nurture."
एक: पापानि कुरुते फलं भुङ्क्ते महाजन:।                            भोक्तारो विप्रमुच्यन्ते कर्ता दोषेण लिप्यते ॥    ,Vidur Niti Slokas,One commits sins and the great man enjoys the fruits.The enjoyers are released from the brāhmaṇas and the doer is tainted by the fault.
 देहाभिमानगलिते ज्ञानेन परमात्मनः।                                   यत्र यत्र मनो याति तत्र तत्र समाधयः॥,Chanakya Slokas,"By the knowledge of the body's pride, the Supreme Self.Wherever the mind goes, there are meditations."
सिंहादेकं बकादेकं शिक्षेच्चत्वारि कुक्कुटात्।                                  वायसात्पञ्च शिक्षेच्च षट् शुनस्त्रीणि गर्दभात्॥,Chanakya Slokas,One should learn one of the lions and one of the four chickens.From the crow he should learn six dogs from the donkey and from the donkey.
कुपुत्रो जायेत क्वचिदपि कुमाता न भवति ॥   ,sanskrit-slogan,A bad son is born and a bad mother is never born.
किन्नु मे स्यादिदं कृत्वा किन्नु मे स्यादकुर्वतः ।                            इति कर्माणि सञ्चिन्त्य कुरयड् कुर्याद् वा पुरुषो न वा॥    ,Vidur Niti Slokas,"What can I do for me and what will I do for I do not do it?Thinking thus, he should perform the Kurayad, whether he is a man or not."
प्रायेण श्रीमतां लोके भोक्तुं शक्तिर्न विद्यते।                            जीर्यन्त्यपि हि काष्ठानि दरिद्राणां महीपते ॥                               ,Vidur Niti Slokas,"There is almost no power to enjoy in the world of the rich.O King, even the wood of the poor are old, even if they are old."
 अनागतं यः कुरुते स शोभते ॥  ,sanskrit-slogan,He who does what has not come is beautiful.
सेवाधर्मः परमगहनो ॥     ,sanskrit-slogan,The religion of service is the supreme deep.
 एकमेवाक्षरं यस्तु गुरुः शिष्यं प्रबोधयेत् ।                                 पृथिव्यां नास्ति तद्द्रव्यं यद् दत्त्वा चाऽनृणी भवेत् ॥,Chanakya Slokas,The teacher who awakens the disciple in the same syllable.There is nothing on earth that is not debt to give it to the person who gives it to him.
 किं करोत्येव पाण्डित्यमस्थाने   विनियोजितम्  ॥    ,sanskrit-slogan,What is the use of employment in the place of the wisdom?
मन एव मनुष्याणां कारणं बन्धमोक्षयोः ॥   ,sanskrit-slogan,The mind is the cause of bondage and liberation for human beings.
धनिकः श्रोत्रियो राजा नदी वैद्यस्तु पञ्चमः।                                   पञ्च यत्र न विद्यन्ते न तत्र दिवसे वसेत ॥,Chanakya Slokas,"The fifth is the rich, the listener, the king, the river, the physician.Where there are no five, one should not live in a day."
 स्वभावेन हि तुष्यन्ति देवाः सत्पुरुषाः पिताः।                                    ज्ञातयः स्नानपानाभ्यां वाक्यदानेन पण्डिताः॥,Chanakya Slokas,For by nature the gods are pleased with the gods and fathers.The wise men by giving words by bathing and drinking words
 किं कुलेन विशालेन विद्याहीने च देहिनाम्।                                    दुष्कुलं चापि विदुषी देवैरपि हि पूज्यते॥,Chanakya Slokas,What is the use of a vast family and without knowledge of the embodied.Even a learned man is worshiped even by the gods
पितृपैतामहं राज्यं प्राप्तवान् स्वेन कर्मणा।                            वायुरभ्रमिवासाद्य भ्रंशयत्यनये स्थितः ॥                               ,Vidur Niti Slokas,I have attained the kingdom by my father and grandfather.The wind blows in the sky and moves away from the sky.
 एकोऽपि गुणवान् पुत्रो निर्गुणैश्च शतैर्वरः।                                    एकश्चन्द्रस्तमो हन्ति न च ताराः सहस्रशः॥,Chanakya Slokas,A single virtuous son is a boon by hundreds of hundreds of virtues.One moon kills darkness and not thousands of stars.
जनिता चोपनेता च यस्तु विद्यां प्रयच्छति।                                   अन्नदाता भयत्राता पञ्चैता पितरः स्मृताः॥,Chanakya Slokas,He who gives knowledge to the mother and the leader.These five fathers are considered to be the giver of food to fear
प्रवृत्तवाक् विचित्रकथ ऊहवान् प्रतिभानवान्।                            आशु ग्रन्थस्य वक्ता च यः स पण्डित उच्यते ॥                               ,Vidur Niti Slokas,The initiated speech was strange and talented.He who is quick to speak of the text is called a learned man.
 तृणं ब्रह्मविद स्वर्गं तृणं शूरस्य जीवनम्।                                  जिमाक्षस्य तृणं नारी निःस्पृहस्य तृणं जगत्॥,Chanakya Slokas,"The grass of the Brahma-knowing is heaven, and grass is the life of a hero.A woman who has no desire for the sake of Jimaksha is the world of grass"
  अनन्तशास्त्रं बहुलाश्च विद्या अल्पं च कालो बहुविघ्नता च ।                                     आसारभूतं तदुपासनीयं हंसो यथा क्षीरमिवाम्बुमध्यात्॥,Chanakya Slokas,There are many infinite scriptures and many knowledges are small time and many obstaclesIt is to be worshiped as a swan like milk from the middle of the water
दुर्बलाश्रयो दुःखमावहति ॥   ,sanskrit-slogan,Weak sadness is due to sorrow.
न विश्चसेदविश्चस्ते विश्चस्ते नातिविश्चसेत्।                            विश्चासाद् भयमुत्पन्न मुलान्यपि निकृन्तति ॥                               ,Vidur Niti Slokas,"He will not be victimized and he will not be able to escape.From the scene, the roots of the trees are cut off from the roots."
अश्रुतश्च समुत्रद्धो दरिद्रश्य महामनाः।                            अर्थांश्चाकर्मणा प्रेप्सुर्मूढ इत्युच्यते बुधैः ॥    ,Vidur Niti Slokas,"And unheard of, he was filled with the poor and great-minded.A person who desires wealth by inaction is called a fool by the wise."
न मातुः परदैवतम् ॥   ,sanskrit-slogan,Not a mother of the other deity of the mother.
किं तया क्रियते धेन्वा या न दोग्ध्रो न गर्भिणी।                                कोऽर्थः पुत्रेण जातेन यो न विद्वान्न भक्तिमान्॥,Chanakya Slokas,What is the use of a cow that is not milked or pregnantWhat is the use of a son born of a son who is neither a learned nor a devotee.
धनात् धर्मः भवति ॥   ,sanskrit-slogan,Wealth is religion.
लोभः प्रज्ञानमाहन्ति ॥   ,sanskrit-slogan,Greed is the source of wisdom.
अनारभ्या भवन्त्यर्थाः केचित्रित्यं तथाऽगताः ।                            कृतः पुरुषकारो हि भवेद् येषु निरर्थकः ॥  ,Vidur Niti Slokas,"Some of the meanings are not beginnings, and so have come to be so.A man who has done a man should be useless in those who are useless"
   बुद्धिर्यस्य बलं तस्य निर्बुद्धेस्तु कुतो बलम्।                                     वने सिंहो मदोन्मत्तः शशकेन निपातितः॥,Chanakya Slokas,Where is the strength of his intelligence whose strength is not enlightenedThe lion was mad in the forest and was thrown down by a rabbit
 अनभ्यासे विषं शास्त्रमजीर्णे भोजनं विषम्।                                    दरिद्रस्य विषं गोष्ठी वृद्धस्य तरुणी विषम्॥,Chanakya Slokas,Poison in non-practice is poison in digestion and poison is poison.The poison of the poor is the cowherd of the old man and the young poison is poisonous
 प्रलये भिन्नमर्यादा भवन्ति किल सागराः।                                    सागरा भेदमिच्छन्ति प्रलयेऽपि न साधवः॥,Chanakya Slokas,The oceans are different limits in the catastrophe.The oceans desire differences even at the time of annihilation
न चातिगुणवत्स्वेषा नान्यन्तं निर्गुणेषु च।                             नेषा गुणान् कामयते नैर्गुण्यात्रानुरज़्यते।                              उन्मत्ता गौरिवान्धा श्री क्वचिदेवावतिष्ठते॥                               ,Vidur Niti Slokas,"Nor is it excessively virtuous, nor is there any other end in the devoid of the modes.This does not desire the virtues of the non-quality.The madman is like a cow, and the goddess of fortune remains somewhere."
 कार्य पुरुषकारेण लक्ष्यं सम्पद्यते ॥ ,sanskrit-slogan,The target is achieved by the action of the man.
कुग्रामवासः कुलहीन सेवा कुभोजन क्रोधमुखी च भार्या।                                      पुत्रश्च मूर्खो विधवा च कन्या विनाग्निमेते प्रदहन्ति कायम्॥,Chanakya Slokas,"A bad village, a family without a family, a bad food and a wife to anger.A son and a fool and a widow are a daughter without fire and these burn the body"
वृत्ततस्त्वाहीनानि कुलान्यल्पधनान्यपि।                            कुलसंख्यां च गच्छन्ति कर्षन्ति च महद् यशः॥                               ,Vidur Niti Slokas,Even the families of the family without youThey go to the number of families and attract great fame
न कुलं वृत्तहीनस्य प्रमाणमिति में मतिः ।                            अन्तेष्वपि हि जातानां वृतमेव विशिष्यते ॥ ,Vidur Niti Slokas,"I don’t think that the family is the proof of the circumstances.Even at the end of the body, the circumstances are superior to those who are born."
 परिश्रमस्य फलं मधुरं भवति ॥  ,sanskrit-slogan,The fruit of hard work is sweet.
नोपकारात् परो धर्मो नापकारादधं परम् ॥   ,sanskrit-slogan,"There is no religion greater than benefits, nor is there any other religion than harm."
 परस्परस्य मर्माणि ये भाषन्ते नराधमाः।                                     ते एव विलयं यान्ति वल्मीकोदरसर्पवत्॥,Chanakya Slokas,Those who speak the hearts of each other are the lowest of men.They alone merge like an anthill and a snake
श्रुत्वा धर्म विजानाति श्रुत्वा त्यजति दुर्मतिम्।                                  श्रुत्वा ज्ञानमवाप्नोति श्रुत्वा मोक्षमवाप्नुयात्॥,Chanakya Slokas,"He hears the righteousness of the righteous and hears the wicked.Hearing, he attains knowledge, and by hearing, he attains liberation."
सर्वे मित्राणि समृध्दिकाले ॥   ,sanskrit-slogan,All the friends are in the time of prosperity.
 आतुरे व्यसने प्राप्ते दुर्भिक्षे शत्रुसण्कटे।                                    राजद्वारे श्मशाने च यात्तिष्ठति स बान्धवः ॥,Chanakya Slokas,In afflicted adversity in the famine of the enemyHe goes to the gate of the king and to the cemetery and to stay that relative.
भावमिच्छति सर्वस्य नाभावे कुरुते मनः।                             सत्यवादी मृदृर्दान्तो यः स उत्तमपूरुषः ॥                               ,Vidur Niti Slokas,He desires the feeling of everything and does not make the mind in the absence.He who is truthful and soft-spoken is the best man.
 सुखार्थी चेत् त्यजेद्विद्यां त्यजेद्विद्यां विद्यार्थी चेत् त्यजेत्सुखम्।                                  सुखार्थिनः कुतो विद्या कुतो विद्यार्थिनः सुखम्॥,Chanakya Slokas,"If one seeks happiness, one should abandon knowledge, and if one seeks knowledge, one should abandon happiness.Where is knowledge for those seeking happiness and where is happiness for those seeking knowledge?"
 सत्यं माता पिता ज्ञानं धर्मो भ्राता दया सखा।                                   शान्तिः पत्नी क्षमा पुत्रः षडेते मम बान्धवाः॥,Chanakya Slokas,"Truth, mother, father, knowledge, righteousness, brother, compassion and friend.Shanti, wife, Kshama, son, these six are my relatives."
 सुख-दुर्लभं हि सदा सुखम् ॥  ,sanskrit-slogan,Happiness is always rare for happiness.
दुराचारी च दुर्दृष्टिर्दुराऽऽवासी च दुर्जनः।                                 यन्मैत्री क्रियते पुम्भिर्नरः शीघ्र विनश्यति ॥,Chanakya Slokas,He is a bad guy and a bad guard and a bad resident and a bad man.The friendship that a man makes a man is quickly destroyed.
 को लोकमाराधयितुं समर्थः ॥  ,sanskrit-slogan,Translation Error
 अनागत विधाता च प्रत्युत्पन्नगतिस्तथा।                                    द्वावातौ सुखमेवेते यद्भविष्यो विनश्यति॥,Chanakya Slokas,and the uncoming creator and the reproductive movement.These are the happiness of the two winds that the future is destroyed.
दुष्टा भार्या शठं मित्रं भृत्यश्चोत्तरदायकः।                           ससर्पे गृहे वासो मृत्युरेव न संशयः॥,Chanakya Slokas,Translation Error
 विद्या योगेन रक्ष्यते ॥  ,sanskrit-slogan,Knowledge is protected by yoga.
   वित्तेन रक्ष्यते धर्मो विद्या योगेन रक्ष्यते।                                     मृदुना रक्ष्यते भूपः सत्स्त्रिया रक्ष्यते गृहम्॥,Chanakya Slokas,"Finance is protected by righteousness, knowledge is protected by yoga.The king is protected by the soft and the house is protected by a woman"
 सुश्रान्तोऽपि वहेद् भारं शीतोष्णं न पश्यति।                                   सन्तुष्टश्चरतो नित्यं त्रीणि शिक्षेच्च गर्दभात्॥,Chanakya Slokas,Even if he is very tired he carries the burden he does not see the cold and heat.Satisfied one should always be satisfied with the donkeys from the donkey
   अनवस्थितकायस्य न जने न वने सुखम्।                                     जनो दहति संसर्गाद् वनं सगविवर्जनात॥,Chanakya Slokas,Translation Error
अनर्थंमर्थंतः पश्यत्रर्थं चैवाप्यनर्थतः।                            इन्द्रियैरजितैर्बालः सुदुःखं मन्यते सुखम् ॥  ,Vidur Niti Slokas,Translation Error
 कृतज्ञः सर्वलोकेषु पूज्यो भवति सर्वदा ॥  ,sanskrit-slogan,He who is grateful is always worshiped in all the worlds.
दीयमानं हि नापैति भूय एवाभिवर्तते ॥   ,sanskrit-slogan,"When the gift is given, it does not come back to it."
द्वे कर्मणी नरः कुर्वन्नस्मिंल्लोके विरोचते।                            अब्रुवं परुषं कश्चित् असतोऽनर्चयंस्तथा ॥    ,Vidur Niti Slokas,A man who performs two actions shines in this world.Someone who is not worshiping the truth is harshly harshly.
आत्मनाऽऽत्मानमन्विच्छेन्मनोबुद्धीन्द्रियैर्यतैः।                            आत्मा ह्वोवात्मनो बन्धुरात्मैव रिपुरात्मनः ॥                               ,Vidur Niti Slokas,Translation Error
 वरं वनं व्याघ्रगजेन्द्रसेवितं द्रुमालयः पत्रफलाम्बु सेवनम्।                                   तृणेशु शय्या शतजीर्णवल्कलं न बन्धुमध्ये धनहीनजीवनम्॥,Chanakya Slokas,"The forest is a forest, a garland of trees and elephants, a garland of leaves, fruits and water.There is no life without wealth in the midst of a relative with grass in grass"
 दातृत्वं प्रियवक्तृत्वं धीरत्वमुचितज्ञता।                                    अभ्यासेन न लभ्यन्ते चत्वारः सहजा गुणाः॥,Chanakya Slokas,"The giver is the beloved speaker, the patience is the right knowledge.The four inherent qualities are not attained by practice."
दुःसाध्यमपि सुसाध्यं करोत्युपायज्ञः ॥   ,sanskrit-slogan,A person who knows the means does what is difficult to achieve and is well achievable.
सामुद्रिकं वणिजं चोरपूर्व शलाकधूर्त्त च चिकित्सकं च।                            अरिं च मित्रं च कुशीलवं च नैतान्साक्ष्ये त्वधिकुर्वीतसप्त॥                               ,Vidur Niti Slokas,"The sea, the merchant, the thief, the bar, the slave, the physician, and the physician.There are seven enemies of the enemy and the friend and the good of the virtuous"
यत्नवान् सुखमेधते ॥   ,sanskrit-slogan,Efforts are happily prosperous.
जानीयात्प्रेषणेभृत्यान् बान्धवान्व्यसनाऽऽगमे।                                 मित्रं याऽऽपत्तिकालेषु भार्यां च विभवक्षये ॥,Chanakya Slokas,He should know the servants of the sending servants in the coming of the trouble.She is a friend at the time of trouble and her wife is at the end of her opulence.
विद्यया लभते ज्ञानम् ॥   ,sanskrit-slogan,By knowledge one attains knowledge.
 अन्यायोपार्जितं वित्तं दशवर्षाणि तिष्ठति ।                                  प्राप्ते चैकादशे वर्षे समूलं तद् विनश्यति॥,Chanakya Slokas,The money earned in unjustly remains for ten years.When the eleventh year comes it is completely destroyed
न वैरमुद्दीपयति प्रशान्तं न दर्पमारोहति नास्तमेति ।                            न दुर्गतोऽस्मीति करोत्यकार्यं तमार्यशीलं परमाहुरार्याः ॥                               ,Vidur Niti Slokas,"It does not burn enmity, but it does not rise, nor does it rise, nor does it set out.The noble ones say that he is not afflicted by saying that he is not miserable"
धर्मार्थकाममोश्रेषु यस्यैकोऽपि न विद्यते।                                जन्म जन्मानि मर्त्येषु मरणं तस्य केवलम्॥,Chanakya Slokas,"He who has none of Dharma, Artha, Kama and Moshra.Births and births among mortals are his only death."
 आयुः कर्म वित्तञ्च विद्या निधनमेव च।                                     पञ्चैतानि हि सृज्यन्ते गर्भस्थस्यैव देहिनः॥,Chanakya Slokas,"Life, action, wealth, knowledge and death.For these five are created by the embodied in the womb of the embodied."
सुव्याहृतानि सुक्तानि सुकृतानि ततस्ततः।                            सञ्चिन्वन् धीर आसीत् शिलाहरी शिलं यथा ॥    ,Vidur Niti Slokas,They were well uttered and well-dressed and well-dressed here and there.The steadfast rock like a rock was gathered together.
गृहीतेवाक्यो नयविद् वदान्यः शेषात्रभोक्ता ह्यविहिंसकश्च।                            नानार्थकृत्याकुलितः कृतज्ञः सत्यो मृदुः स्वर्गमुपैति विद्वान् ॥ ,Vidur Niti Slokas,"The statement of the grasp of the law is generous, and the rest is the enjoyer and the non-violent.A learned man who is agitated by various purposes and who is grateful and who is truthful and soft attains heaven"
अर्चयेदेव मित्राणि सति वाऽसति  वा धने।                             नानर्थयन् प्रजानति मित्राणं सारफल्गुताम् ॥    ,Vidur Niti Slokas,"One should worship friends in the case of wealth or wealth.He does not useless to know his friends, but it is the source of all fruition."
यथाशक्ति चिकीर्षन्ति यथाशक्ति च कुर्वते।                            न किञ्चिदवमन्यन्ते  नराः पण्डितबुद्धयः ॥ ,Vidur Niti Slokas,They want to do as much as they can and do as much as they can.Men who are wise in minds do not despise anything.
सुदुर्बलं नावजानाति कञ्चित् युक्तो रिपुं सेवते बुद्धिपूर्वम् ।                            न विग्रहं रोचयते बलस्थैः काले च यो विक्रमते स धीरः ॥ ,Vidur Niti Slokas,No one who is equipped with a very weak man serves an enemy with his intelligence.He who does not like to fight against the forces and who is prowess in time is a steadfast person.
 वृद्धसेवया विज्ञानत् ॥   ,sanskrit-slogan,Vrdhasevaya vijnanat.
 पितृदोषेण मूर्खता ॥  ,sanskrit-slogan,Pitradoshane foolishness
 विद्या मित्रं प्रवासेषु भार्या मित्रं गृहेषु च।                                   व्याधितस्यौषधं मित्रं धर्मो मित्रं मृतस्य च॥,Chanakya Slokas,Vidya is a friend in travels and a wife is a friend in homes.Medicine is a friend of the sick and righteousness is a friend of the dead
 सक्ष्मात् सर्वेषों कार्यसिद्धिभर्वति ॥   ,sanskrit-slogan,From the subtlety all these things are fulfilled.
 चिरनिरूपणीयो हि व्यक्तिस्वभावः ॥  ,sanskrit-slogan,The nature of the individual is to be determined for a long time.
   दृष्टिपूतं न्यसेत् पादं वस्त्रपूतं जलं पिवेत्।                                     शास्त्रपूतं वदेद् वाक्यं मनः पूतं समाचरेत्॥,Chanakya Slokas,One should place the feet clean of the eyes and drink the water purified by clothing.One should speak the words purified by the scriptures and practice the mind purified.
येषां न विद्या न तपो न दानं न चापि शीलं च गुणो न धर्मः।                                   ते मर्त्यलोके भुवि भारभूता मनुष्यरुपेण मृगाश्चरन्ति॥,Chanakya Slokas,"Those who have no knowledge, no austerities, no charity, no virtue, no virtue, no righteousness.They roam the deer in the form of men in the world of mortals in the form of a human being."
अनाहूत: प्रविशति अपृष्टो बहु भाषेते ।                            अविश्चस्ते  विश्चसिति  मूढचेता नराधम: ॥                               ,Vidur Niti Slokas,"Uninvited, he enters and speaks a lot without being asked.The foolish mind of the lowest of men is called Avi and Avischa."
यः सर्वभूतप्रशमे निविष्टः सत्यो मृदुर्मानकृच्छुद्धभावः ।                           अतीव स ज्ञायते ज्ञातिमध्ये महामणिर्जात्य इव प्रसन्नः ॥                               ,Vidur Niti Slokas,"He is the one who is settled in the relief of all beings, and is truthful, soft and self-sufficient.He is very much known in the midst of his relatives as if he were a great gem as if he were born"
अर्थागमो नित्यमरोगिता च प्रिया च भार्य प्रियवादिनी च ।                            वश्यश्च पुत्रोऽर्थकरी च विद्या षट् जीवलोकस्य सुखानि राजन् ॥ ,Vidur Niti Slokas,"She is always sick, dear to wealth, and loved wife and speaks pleasantly.My dear King, I have a submissive son and a wealth of wealth, and knowledge is the happiness of the six living entities."
 पादाभ्यां न स्पृशेदग्निं गुरुं ब्राह्मणमेव च।                                  नैव गावं कुमारीं च न वृद्धं न शिशुं तथा॥,Chanakya Slokas,"One should not touch the fire, the preceptor and the Brahmin with his feet.Neither the cows nor the maiden nor the old nor the child"
 अत्यन्तलेपः कटुता च वाणी दरिद्रता च स्वजनेषु वैरम्।                                    नीच प्रसङ्गः कुलहीनसेवा चिह्नानि देहे नरकस्थितानाम्॥,Chanakya Slokas,"Excessive ointment, bitterness, speech and poverty are enmity towards relatives.The lowly is the service without the family, the signs are signs in the body of those who are in hell."
 सर्वथा सुकरं मित्रं दुष्करं प्रतिपालनम् ॥  ,sanskrit-slogan,A friend is in every way that is difficult to protect and is difficult to take care of
 गुरुणामेव सर्वेषां माता गुरुतरा स्मृता ॥  ,sanskrit-slogan,The mother of all the spiritual masters is considered to be more guru.
शरीरमाद्यं खलु धर्मसाधनम्  ॥   ,sanskrit-slogan,The body is the original means of religion.
यस्मिन् यथा वर्तते यो मनुष्यस्तस्मिंस्तथा वर्तितव्यं स धर्मः।                            मायाचारो मायया वर्तितव्यः साध्वाचारः साधुना प्रत्युपेयः॥                               ,Vidur Niti Slokas,That is the Dharma in which a man should behave in the same way.The conduct of illusion should be conducted by illusion and the virtuous conduct should be resisted by the saintly person.
 भाग्यवन्तमपरीक्ष्यकारिणं श्रीः परित्यजति ॥   ,sanskrit-slogan,The goddess of fortune abandons the unfortunate one who is unable to examine her.
उत्साहवन्तः पुरुषाः नावसीदन्ति कर्मसु ॥   ,sanskrit-slogan,Men who are enthusiastic do not despair in their actions.
  यथा धेनु सहस्रेषु वत्सो गच्छति मातरम्।                               तथा यच्च कृतं कर्म कर्तारमनुगच्छति॥,Chanakya Slokas,Just as a cow goes to a mother in thousands of cowsand whatever action has been done follows the doer.
उपायेन जयो यदृग्रिपोस्तादृड्डं न हेतिभिः ॥   ,sanskrit-slogan,"By means of the means of victory, the sight of the Lord is not the source of the universe."
  उद्योगे नास्ति दारिद्रयं जपतो नास्ति पातकम्।                                      मौनेन कलहो नास्ति जागृतस्य च न भयम्॥,Chanakya Slokas,"There is no poverty in industry, and there is no sin in chanting.There is no quarrel by silence and there is no fear of awakening."
दारिद्रयनाशनं दानं शीलं दुर्गतिनाशनम्।                                  अज्ञानतानाशिनी प्रज्ञा भावना भयनाशिनी॥,Chanakya Slokas,"It destroys poverty, charity, character and destruction of misfortune.Wisdom destroys ignorance and destroys emotions and fear."
सहायास्तादृशा एव यादृशी भवितव्यता ॥   ,sanskrit-slogan,The same is true of the same as the help of the Lord.
त्रिविधं नरकस्येदं द्वारम नाशनमात्मन: ।                            काम: क्रोधस्तथा लोभस्तस्मादेतत्त्रयं त्यजेत् ॥                               ,Vidur Niti Slokas,"There are three kinds of hell, and this is the gateway to destroy the self.Lust, anger and greed are the three elements, and therefore one should abandon these three."
  कः कालः कानि मित्राणि को देशः को व्ययागमोः।                                   कस्याहं का च मे शक्तिरिति चिन्त्यं मुहुर्मुहुः॥,Chanakya Slokas,"What time, what are the friends, what is the country, what is the expense?Whose I am I and what is my power?' I wonder again and again."
   उत्पन्नपश्चात्तापस्य बुद्धिर्भवति यादृशी ।                                      तादृशी यदि पूर्वा स्यात्कस्य स्यान्न महोदयः ॥,Chanakya Slokas,"The kind of intelligence that has arisen afterwards is the same.If such a former is the former, who will not be a great man?"
हिंसाबबलमसाधूनां राज्ञा दण्डविधिर्बलम्।                            शुश्रुषा तु बलं स्त्रीणां क्षमा गुणवतां बलम्॥ ,Vidur Niti Slokas,The king's punishment is the strength of violence and strengthThe strength of women is the strength of women and the strength of virtuous men
मूर्खस्तु परिहर्तव्यः प्रत्यक्षो द्विपदः पशुः।                                 भिनत्ति वाक्यशूलेन अदृश्ययं कण्टकं यथा ॥,Chanakya Slokas,"The fool should be avoided, the direct two-legged animal.It breaks through the spear of words, just as the thorn is invisible."
कर्मणा मनसा वाचा यदभीक्षणं निषेवते।                            तदेवापहरत्येनं तस्मात् कल्याणमाचरेत् ॥  ,Vidur Niti Slokas,"By action, mind, speech, which is served by the alms.That very same thing takes away from it, and therefore one should perform auspicious rituals."
 संस्कृतं भाषाणां जननी अस्ति ॥  ,sanskrit-slogan,Sanskrit is the mother of languages.
देशाचारान्   समयाञ्चातिधर्मान्  बुभूषते यः स परावरज्ञः ।                            स यत्र तत्राभिगतः सदैव महाजनस्याधिपत्यं करोति ॥ ,Vidur Niti Slokas,"He who enjoys the country, customs and time of time is a knower of the superiority.Wherever he comes there he always rules the great men"
गृहेऽपि पज्चेन्द्रियनिग्रहः तपः ॥   ,sanskrit-slogan,"Even in the house, the five senses are restrained, and austerity is austerity."
अतिवादं न प्रवदेत्र वादयेद् यो नाहतः प्रतिहन्यात्र घातयेत्।                            हन्तुं च यो नेच्छति पातकं वै तस्मै देवाः स्पृहयन्त्यागताय ॥    ,Vidur Niti Slokas,"He who does not speak excessive arguments here should kill him who is not struck and kills here.He who does not desire to kill the demigods, who is not seeking to kill the demigods, desiring to perform the sacrifice."
 जानन्नपि नरो दैवात्प्रकरोति विगर्हितम् ॥  ,sanskrit-slogan,"Even though he knows it, he is condemned by fate, even if he is condemned."
 शकटं पञ्चहस्तेन दशहस्तेन वाजिनम्।                                   हस्तिनं शतहस्तेन देशत्यागेन दुर्जनम्॥,Chanakya Slokas,The cart with five hands with ten hands and a horse.The elephant with a hundred hands and by abandoning the country was a bad guy.
 छात्राणां धर्मः अध्ययनम्  अस्ति ॥  ,sanskrit-slogan,The religion is the study of the students.
क्रोधो हर्षश्च दर्पश्च ह्रीः स्तम्भो मान्यमानिता।                            यमर्थान् नापकर्षन्ति स वै पण्डित उच्यते ॥                               ,Vidur Niti Slokas,"Anger, joy, pride, shyness, column, respected.A person who does not pull the objects of the material world is called a learned man."
मूर्खशिष्योपदेशेन दुष्टास्त्रीभरणेन च।                           दुःखितैः सम्प्रयोगेण पण्डितोऽप्यवसीदति॥,Chanakya Slokas,By the advice of a fool and a disciple of a wicked womanEven a wise man is depressed by the pain of the suffering.
सुखं च दुःखं च भवाभवौ च लाभालाभौ मरणं जीवितं च।                            पर्यायशः सर्वमेते स्पृशन्ति तस्माद् धीरो न हृष्येत्र शोचेत् ॥  ,Vidur Niti Slokas,"Happiness and pain and birth, gain and loss, death and life.All these are touched by the alternation, so the patient should not grieve for the rejoice."
 नात्यन्तं सरलेन भाव्यं गत्वा पश्य वनस्थलीम्।                                 छिद्यन्ते सरलास्तत्र कुब्जास्तिष्ठन्ति पादपाः॥,Chanakya Slokas,"Not too simple, go and look at the forest.The hunchbacks are cut down and the trees remain there."
ब्राह्मणं ब्राह्मणो वेद भर्ता वेद स्त्रियं तथा।                            अमात्यं नृपतिर्वेद राजा राजानमेव च॥                               ,Vidur Niti Slokas,"A Brahmin is a Brahmin, a Brahmin, a husband and a woman and a woman.The king and the king also know the king's ministers"
 जले तैलं खले गुह्यं पात्रे दानं मनागपि ।                                    प्राज्ञे शास्त्रं स्वयं याति विस्तारे वस्तुशक्तितः॥,Chanakya Slokas,"Oil in water is a secret in the vessel, and in a vessel, charity is also in the mind.In the wise, the scripture itself goes by the power of the object in expansion."
शोकः शौर्यपकर्षणः ॥   ,sanskrit-slogan,Grief is the removal of courage.
